-- MySQL dump 10.16  Distrib 10.1.9-MariaDB, for Win32 (AMD64)
--
-- Host: localhost    Database: agrimap
-- ------------------------------------------------------
-- Server version	10.1.9-MariaDB

/*!40101 SET @OLD_CHARACTER_SET_CLIENT=@@CHARACTER_SET_CLIENT */;
/*!40101 SET @OLD_CHARACTER_SET_RESULTS=@@CHARACTER_SET_RESULTS */;
/*!40101 SET @OLD_COLLATION_CONNECTION=@@COLLATION_CONNECTION */;
/*!40101 SET NAMES utf8 */;
/*!40103 SET @OLD_TIME_ZONE=@@TIME_ZONE */;
/*!40103 SET TIME_ZONE='+00:00' */;
/*!40014 SET @OLD_UNIQUE_CHECKS=@@UNIQUE_CHECKS, UNIQUE_CHECKS=0 */;
/*!40014 SET @OLD_FOREIGN_KEY_CHECKS=@@FOREIGN_KEY_CHECKS, FOREIGN_KEY_CHECKS=0 */;
/*!40101 SET @OLD_SQL_MODE=@@SQL_MODE, SQL_MODE='NO_AUTO_VALUE_ON_ZERO' */;
/*!40111 SET @OLD_SQL_NOTES=@@SQL_NOTES, SQL_NOTES=0 */;

--
-- Table structure for table `crops`
--

DROP TABLE IF EXISTS `crops`;
/*!40101 SET @saved_cs_client     = @@character_set_client */;
/*!40101 SET character_set_client = utf8 */;
CREATE TABLE `crops` (
  `id` int(10) unsigned NOT NULL AUTO_INCREMENT,
  `name` varchar(191) COLLATE utf8mb4_unicode_ci NOT NULL,
  `description` text COLLATE utf8mb4_unicode_ci,
  `image_url` varchar(191) COLLATE utf8mb4_unicode_ci DEFAULT NULL,
  `created_at` timestamp NULL DEFAULT NULL,
  `updated_at` timestamp NULL DEFAULT NULL,
  PRIMARY KEY (`id`)
) ENGINE=InnoDB AUTO_INCREMENT=21 DEFAULT CHARSET=utf8mb4 COLLATE=utf8mb4_unicode_ci;
/*!40101 SET character_set_client = @saved_cs_client */;

--
-- Dumping data for table `crops`
--

LOCK TABLES `crops` WRITE;
/*!40000 ALTER TABLE `crops` DISABLE KEYS */;
INSERT INTO `crops` VALUES (1,'Cassava',NULL,NULL,NULL,NULL),(2,'Soyabean',NULL,NULL,NULL,NULL),(3,'Cowpea',NULL,NULL,NULL,NULL),(4,'Okro',NULL,NULL,NULL,NULL),(5,'Millet',NULL,NULL,NULL,NULL),(6,'Maize',NULL,NULL,NULL,NULL),(7,'Pepper',NULL,NULL,NULL,NULL),(8,'Lettuce',NULL,NULL,NULL,NULL),(9,'Onion',NULL,NULL,NULL,NULL),(10,'Watermelon',NULL,NULL,NULL,NULL),(11,'Garden eggs',NULL,NULL,NULL,NULL),(12,'Cocoyam',NULL,NULL,NULL,NULL),(13,'Cucumber',NULL,NULL,NULL,NULL),(14,'Rice',NULL,NULL,NULL,NULL),(15,'Sorghum',NULL,NULL,NULL,NULL),(16,'Plantain',NULL,NULL,NULL,NULL),(17,'Cabbage',NULL,NULL,NULL,NULL),(18,'Groundnuts',NULL,NULL,NULL,NULL),(19,'Yam',NULL,NULL,NULL,NULL),(20,'Tomato',NULL,NULL,NULL,NULL);
/*!40000 ALTER TABLE `crops` ENABLE KEYS */;
UNLOCK TABLES;

--
-- Table structure for table `crops_districts`
--

DROP TABLE IF EXISTS `crops_districts`;
/*!40101 SET @saved_cs_client     = @@character_set_client */;
/*!40101 SET character_set_client = utf8 */;
CREATE TABLE `crops_districts` (
  `id` int(10) unsigned NOT NULL AUTO_INCREMENT,
  `crop_id` int(10) unsigned NOT NULL,
  `district_id` int(10) unsigned NOT NULL,
  `created_at` timestamp NULL DEFAULT NULL,
  `updated_at` timestamp NULL DEFAULT NULL,
  PRIMARY KEY (`id`),
  KEY `crops_districts_crop_id_foreign` (`crop_id`),
  KEY `crops_districts_district_id_foreign` (`district_id`),
  CONSTRAINT `crops_districts_crop_id_foreign` FOREIGN KEY (`crop_id`) REFERENCES `crops` (`id`) ON DELETE CASCADE,
  CONSTRAINT `crops_districts_district_id_foreign` FOREIGN KEY (`district_id`) REFERENCES `districts` (`id`) ON DELETE CASCADE
) ENGINE=InnoDB AUTO_INCREMENT=940 DEFAULT CHARSET=utf8mb4 COLLATE=utf8mb4_unicode_ci;
/*!40101 SET character_set_client = @saved_cs_client */;

--
-- Dumping data for table `crops_districts`
--

LOCK TABLES `crops_districts` WRITE;
/*!40000 ALTER TABLE `crops_districts` DISABLE KEYS */;
INSERT INTO `crops_districts` VALUES (1,6,1,NULL,NULL),(2,14,1,NULL,NULL),(3,1,1,NULL,NULL),(4,19,1,NULL,NULL),(5,12,1,NULL,NULL),(6,16,1,NULL,NULL),(7,6,2,NULL,NULL),(8,14,2,NULL,NULL),(9,1,2,NULL,NULL),(10,19,2,NULL,NULL),(11,12,2,NULL,NULL),(12,16,2,NULL,NULL),(13,6,3,NULL,NULL),(14,14,3,NULL,NULL),(15,1,3,NULL,NULL),(16,19,3,NULL,NULL),(17,12,3,NULL,NULL),(18,16,3,NULL,NULL),(19,6,4,NULL,NULL),(20,14,4,NULL,NULL),(21,1,4,NULL,NULL),(22,19,4,NULL,NULL),(23,12,4,NULL,NULL),(24,16,4,NULL,NULL),(25,6,5,NULL,NULL),(26,14,5,NULL,NULL),(27,1,5,NULL,NULL),(28,19,5,NULL,NULL),(29,12,5,NULL,NULL),(30,16,5,NULL,NULL),(31,6,6,NULL,NULL),(32,14,6,NULL,NULL),(33,1,6,NULL,NULL),(34,19,6,NULL,NULL),(35,12,6,NULL,NULL),(36,16,6,NULL,NULL),(37,6,7,NULL,NULL),(38,14,7,NULL,NULL),(39,1,7,NULL,NULL),(40,19,7,NULL,NULL),(41,12,7,NULL,NULL),(42,16,7,NULL,NULL),(43,18,7,NULL,NULL),(44,6,8,NULL,NULL),(45,14,8,NULL,NULL),(46,1,8,NULL,NULL),(47,19,8,NULL,NULL),(48,12,8,NULL,NULL),(49,16,8,NULL,NULL),(50,6,9,NULL,NULL),(51,14,9,NULL,NULL),(52,1,9,NULL,NULL),(53,19,9,NULL,NULL),(54,12,9,NULL,NULL),(55,16,9,NULL,NULL),(56,6,10,NULL,NULL),(57,14,10,NULL,NULL),(58,1,10,NULL,NULL),(59,19,10,NULL,NULL),(60,12,10,NULL,NULL),(61,16,10,NULL,NULL),(62,6,11,NULL,NULL),(63,14,11,NULL,NULL),(64,1,11,NULL,NULL),(65,19,11,NULL,NULL),(66,12,11,NULL,NULL),(67,16,11,NULL,NULL),(68,6,12,NULL,NULL),(69,14,12,NULL,NULL),(70,1,12,NULL,NULL),(71,19,12,NULL,NULL),(72,12,12,NULL,NULL),(73,16,12,NULL,NULL),(74,6,13,NULL,NULL),(75,14,13,NULL,NULL),(76,1,13,NULL,NULL),(77,19,13,NULL,NULL),(78,12,13,NULL,NULL),(79,16,13,NULL,NULL),(80,6,14,NULL,NULL),(81,14,14,NULL,NULL),(82,1,14,NULL,NULL),(83,19,14,NULL,NULL),(84,12,14,NULL,NULL),(85,16,14,NULL,NULL),(86,6,15,NULL,NULL),(87,14,15,NULL,NULL),(88,1,15,NULL,NULL),(89,19,15,NULL,NULL),(90,12,15,NULL,NULL),(91,16,15,NULL,NULL),(92,18,15,NULL,NULL),(93,6,16,NULL,NULL),(94,14,16,NULL,NULL),(95,1,16,NULL,NULL),(96,19,16,NULL,NULL),(97,12,16,NULL,NULL),(98,16,16,NULL,NULL),(99,18,16,NULL,NULL),(100,6,17,NULL,NULL),(101,14,17,NULL,NULL),(102,1,17,NULL,NULL),(103,19,17,NULL,NULL),(104,12,17,NULL,NULL),(105,16,17,NULL,NULL),(106,18,17,NULL,NULL),(107,6,18,NULL,NULL),(108,14,18,NULL,NULL),(109,1,18,NULL,NULL),(110,19,18,NULL,NULL),(111,12,18,NULL,NULL),(112,16,18,NULL,NULL),(113,18,18,NULL,NULL),(114,6,19,NULL,NULL),(115,14,19,NULL,NULL),(116,1,19,NULL,NULL),(117,19,19,NULL,NULL),(118,12,19,NULL,NULL),(119,16,19,NULL,NULL),(120,6,20,NULL,NULL),(121,14,20,NULL,NULL),(122,1,20,NULL,NULL),(123,19,20,NULL,NULL),(124,12,20,NULL,NULL),(125,16,20,NULL,NULL),(126,6,21,NULL,NULL),(127,14,21,NULL,NULL),(128,1,21,NULL,NULL),(129,19,21,NULL,NULL),(130,12,21,NULL,NULL),(131,16,21,NULL,NULL),(132,6,22,NULL,NULL),(133,14,22,NULL,NULL),(134,15,22,NULL,NULL),(135,1,22,NULL,NULL),(136,19,22,NULL,NULL),(137,12,22,NULL,NULL),(138,16,22,NULL,NULL),(139,18,22,NULL,NULL),(140,6,23,NULL,NULL),(141,14,23,NULL,NULL),(142,15,23,NULL,NULL),(143,1,23,NULL,NULL),(144,19,23,NULL,NULL),(145,12,23,NULL,NULL),(146,16,23,NULL,NULL),(147,18,23,NULL,NULL),(148,6,24,NULL,NULL),(149,14,24,NULL,NULL),(150,15,24,NULL,NULL),(151,1,24,NULL,NULL),(152,19,24,NULL,NULL),(153,12,24,NULL,NULL),(154,16,24,NULL,NULL),(155,18,24,NULL,NULL),(156,6,25,NULL,NULL),(157,14,25,NULL,NULL),(158,15,25,NULL,NULL),(159,1,25,NULL,NULL),(160,19,25,NULL,NULL),(161,12,25,NULL,NULL),(162,16,25,NULL,NULL),(163,18,25,NULL,NULL),(164,6,26,NULL,NULL),(165,14,26,NULL,NULL),(166,15,26,NULL,NULL),(167,1,26,NULL,NULL),(168,19,26,NULL,NULL),(169,12,26,NULL,NULL),(170,16,26,NULL,NULL),(171,18,26,NULL,NULL),(172,6,27,NULL,NULL),(173,14,27,NULL,NULL),(174,15,27,NULL,NULL),(175,1,27,NULL,NULL),(176,19,27,NULL,NULL),(177,12,27,NULL,NULL),(178,16,27,NULL,NULL),(179,18,27,NULL,NULL),(180,6,28,NULL,NULL),(181,14,28,NULL,NULL),(182,15,28,NULL,NULL),(183,1,28,NULL,NULL),(184,19,28,NULL,NULL),(185,12,28,NULL,NULL),(186,18,28,NULL,NULL),(187,6,29,NULL,NULL),(188,14,29,NULL,NULL),(189,15,29,NULL,NULL),(190,1,29,NULL,NULL),(191,19,29,NULL,NULL),(192,12,29,NULL,NULL),(193,16,29,NULL,NULL),(194,18,29,NULL,NULL),(195,6,30,NULL,NULL),(196,14,30,NULL,NULL),(197,15,30,NULL,NULL),(198,1,30,NULL,NULL),(199,19,30,NULL,NULL),(200,12,30,NULL,NULL),(201,16,30,NULL,NULL),(202,18,30,NULL,NULL),(203,6,31,NULL,NULL),(204,14,31,NULL,NULL),(205,15,31,NULL,NULL),(206,1,31,NULL,NULL),(207,19,31,NULL,NULL),(208,12,31,NULL,NULL),(209,16,31,NULL,NULL),(210,18,31,NULL,NULL),(211,6,32,NULL,NULL),(212,14,32,NULL,NULL),(213,15,32,NULL,NULL),(214,1,32,NULL,NULL),(215,19,32,NULL,NULL),(216,12,32,NULL,NULL),(217,16,32,NULL,NULL),(218,18,32,NULL,NULL),(219,6,33,NULL,NULL),(220,14,33,NULL,NULL),(221,15,33,NULL,NULL),(222,1,33,NULL,NULL),(223,19,33,NULL,NULL),(224,12,33,NULL,NULL),(225,16,33,NULL,NULL),(226,18,33,NULL,NULL),(227,6,34,NULL,NULL),(228,14,34,NULL,NULL),(229,15,34,NULL,NULL),(230,1,34,NULL,NULL),(231,19,34,NULL,NULL),(232,12,34,NULL,NULL),(233,16,34,NULL,NULL),(234,18,34,NULL,NULL),(235,6,35,NULL,NULL),(236,14,35,NULL,NULL),(237,15,35,NULL,NULL),(238,1,35,NULL,NULL),(239,19,35,NULL,NULL),(240,12,35,NULL,NULL),(241,16,35,NULL,NULL),(242,18,35,NULL,NULL),(243,6,36,NULL,NULL),(244,14,36,NULL,NULL),(245,15,36,NULL,NULL),(246,1,36,NULL,NULL),(247,19,36,NULL,NULL),(248,12,36,NULL,NULL),(249,16,36,NULL,NULL),(250,18,36,NULL,NULL),(251,6,37,NULL,NULL),(252,14,37,NULL,NULL),(253,15,37,NULL,NULL),(254,1,37,NULL,NULL),(255,19,37,NULL,NULL),(256,12,37,NULL,NULL),(257,16,37,NULL,NULL),(258,18,37,NULL,NULL),(259,6,38,NULL,NULL),(260,14,38,NULL,NULL),(261,15,38,NULL,NULL),(262,1,38,NULL,NULL),(263,19,38,NULL,NULL),(264,12,38,NULL,NULL),(265,16,38,NULL,NULL),(266,18,38,NULL,NULL),(267,6,39,NULL,NULL),(268,14,39,NULL,NULL),(269,15,39,NULL,NULL),(270,1,39,NULL,NULL),(271,19,39,NULL,NULL),(272,12,39,NULL,NULL),(273,16,39,NULL,NULL),(274,18,39,NULL,NULL),(275,6,40,NULL,NULL),(276,14,40,NULL,NULL),(277,15,40,NULL,NULL),(278,1,40,NULL,NULL),(279,19,40,NULL,NULL),(280,12,40,NULL,NULL),(281,16,40,NULL,NULL),(282,18,40,NULL,NULL),(283,6,41,NULL,NULL),(284,14,41,NULL,NULL),(285,1,41,NULL,NULL),(286,19,41,NULL,NULL),(287,12,41,NULL,NULL),(288,6,42,NULL,NULL),(289,14,42,NULL,NULL),(290,1,42,NULL,NULL),(291,19,42,NULL,NULL),(292,12,42,NULL,NULL),(293,6,43,NULL,NULL),(294,14,43,NULL,NULL),(295,1,43,NULL,NULL),(296,19,43,NULL,NULL),(297,12,43,NULL,NULL),(298,6,44,NULL,NULL),(299,14,44,NULL,NULL),(300,1,44,NULL,NULL),(301,19,44,NULL,NULL),(302,12,44,NULL,NULL),(303,6,45,NULL,NULL),(304,14,45,NULL,NULL),(305,1,45,NULL,NULL),(306,19,45,NULL,NULL),(307,12,45,NULL,NULL),(308,6,46,NULL,NULL),(309,14,46,NULL,NULL),(310,1,46,NULL,NULL),(311,19,46,NULL,NULL),(312,12,46,NULL,NULL),(313,6,47,NULL,NULL),(314,14,47,NULL,NULL),(315,1,47,NULL,NULL),(316,19,47,NULL,NULL),(317,12,47,NULL,NULL),(318,6,48,NULL,NULL),(319,14,48,NULL,NULL),(320,1,48,NULL,NULL),(321,19,48,NULL,NULL),(322,12,48,NULL,NULL),(323,6,49,NULL,NULL),(324,14,49,NULL,NULL),(325,1,49,NULL,NULL),(326,19,49,NULL,NULL),(327,12,49,NULL,NULL),(328,6,50,NULL,NULL),(329,14,50,NULL,NULL),(330,1,50,NULL,NULL),(331,19,50,NULL,NULL),(332,12,50,NULL,NULL),(333,6,51,NULL,NULL),(334,14,51,NULL,NULL),(335,1,51,NULL,NULL),(336,19,51,NULL,NULL),(337,12,51,NULL,NULL),(338,6,52,NULL,NULL),(339,14,52,NULL,NULL),(340,1,52,NULL,NULL),(341,19,52,NULL,NULL),(342,12,52,NULL,NULL),(343,6,53,NULL,NULL),(344,14,53,NULL,NULL),(345,1,53,NULL,NULL),(346,19,53,NULL,NULL),(347,12,53,NULL,NULL),(348,6,54,NULL,NULL),(349,14,54,NULL,NULL),(350,1,54,NULL,NULL),(351,19,54,NULL,NULL),(352,12,54,NULL,NULL),(353,16,54,NULL,NULL),(354,6,55,NULL,NULL),(355,14,55,NULL,NULL),(356,1,55,NULL,NULL),(357,19,55,NULL,NULL),(358,12,55,NULL,NULL),(359,16,55,NULL,NULL),(360,6,56,NULL,NULL),(361,14,56,NULL,NULL),(362,1,56,NULL,NULL),(363,19,56,NULL,NULL),(364,12,56,NULL,NULL),(365,16,56,NULL,NULL),(366,6,57,NULL,NULL),(367,14,57,NULL,NULL),(368,1,57,NULL,NULL),(369,19,57,NULL,NULL),(370,12,57,NULL,NULL),(371,16,57,NULL,NULL),(372,6,58,NULL,NULL),(373,14,58,NULL,NULL),(374,1,58,NULL,NULL),(375,19,58,NULL,NULL),(376,12,58,NULL,NULL),(377,16,58,NULL,NULL),(378,6,59,NULL,NULL),(379,14,59,NULL,NULL),(380,1,59,NULL,NULL),(381,19,59,NULL,NULL),(382,12,59,NULL,NULL),(383,16,59,NULL,NULL),(384,6,60,NULL,NULL),(385,14,60,NULL,NULL),(386,1,60,NULL,NULL),(387,19,60,NULL,NULL),(388,12,60,NULL,NULL),(389,16,60,NULL,NULL),(390,18,60,NULL,NULL),(391,6,61,NULL,NULL),(392,14,61,NULL,NULL),(393,1,61,NULL,NULL),(394,19,61,NULL,NULL),(395,12,61,NULL,NULL),(396,16,61,NULL,NULL),(397,6,62,NULL,NULL),(398,14,62,NULL,NULL),(399,1,62,NULL,NULL),(400,19,62,NULL,NULL),(401,12,62,NULL,NULL),(402,16,62,NULL,NULL),(403,6,63,NULL,NULL),(404,14,63,NULL,NULL),(405,1,63,NULL,NULL),(406,19,63,NULL,NULL),(407,12,63,NULL,NULL),(408,16,63,NULL,NULL),(409,6,64,NULL,NULL),(410,14,64,NULL,NULL),(411,1,64,NULL,NULL),(412,19,64,NULL,NULL),(413,12,64,NULL,NULL),(414,16,64,NULL,NULL),(415,6,65,NULL,NULL),(416,14,65,NULL,NULL),(417,1,65,NULL,NULL),(418,19,65,NULL,NULL),(419,12,65,NULL,NULL),(420,16,65,NULL,NULL),(421,6,66,NULL,NULL),(422,14,66,NULL,NULL),(423,1,66,NULL,NULL),(424,19,66,NULL,NULL),(425,12,66,NULL,NULL),(426,16,66,NULL,NULL),(427,6,67,NULL,NULL),(428,14,67,NULL,NULL),(429,1,67,NULL,NULL),(430,19,67,NULL,NULL),(431,12,67,NULL,NULL),(432,16,67,NULL,NULL),(433,6,68,NULL,NULL),(434,14,68,NULL,NULL),(435,1,68,NULL,NULL),(436,19,68,NULL,NULL),(437,12,68,NULL,NULL),(438,16,68,NULL,NULL),(439,6,69,NULL,NULL),(440,14,69,NULL,NULL),(441,1,69,NULL,NULL),(442,19,69,NULL,NULL),(443,12,69,NULL,NULL),(444,16,69,NULL,NULL),(445,6,70,NULL,NULL),(446,14,70,NULL,NULL),(447,1,70,NULL,NULL),(448,19,70,NULL,NULL),(449,12,70,NULL,NULL),(450,16,70,NULL,NULL),(451,6,71,NULL,NULL),(452,14,71,NULL,NULL),(453,1,71,NULL,NULL),(454,20,71,NULL,NULL),(455,7,71,NULL,NULL),(456,11,71,NULL,NULL),(457,4,71,NULL,NULL),(458,9,71,NULL,NULL),(459,6,72,NULL,NULL),(460,1,72,NULL,NULL),(461,20,72,NULL,NULL),(462,7,72,NULL,NULL),(463,11,72,NULL,NULL),(464,4,72,NULL,NULL),(465,9,72,NULL,NULL),(466,17,72,NULL,NULL),(467,10,72,NULL,NULL),(468,6,73,NULL,NULL),(469,1,73,NULL,NULL),(470,20,73,NULL,NULL),(471,7,73,NULL,NULL),(472,11,73,NULL,NULL),(473,4,73,NULL,NULL),(474,6,74,NULL,NULL),(475,14,74,NULL,NULL),(476,1,74,NULL,NULL),(477,20,74,NULL,NULL),(478,7,74,NULL,NULL),(479,11,74,NULL,NULL),(480,4,74,NULL,NULL),(481,10,74,NULL,NULL),(482,6,75,NULL,NULL),(483,14,75,NULL,NULL),(484,1,75,NULL,NULL),(485,20,75,NULL,NULL),(486,7,75,NULL,NULL),(487,4,75,NULL,NULL),(488,9,75,NULL,NULL),(489,10,75,NULL,NULL),(490,6,76,NULL,NULL),(491,1,76,NULL,NULL),(492,20,76,NULL,NULL),(493,7,76,NULL,NULL),(494,4,76,NULL,NULL),(495,8,76,NULL,NULL),(496,9,76,NULL,NULL),(497,13,76,NULL,NULL),(498,17,76,NULL,NULL),(499,6,77,NULL,NULL),(500,14,77,NULL,NULL),(501,5,77,NULL,NULL),(502,15,77,NULL,NULL),(503,1,77,NULL,NULL),(504,19,77,NULL,NULL),(505,18,77,NULL,NULL),(506,3,77,NULL,NULL),(507,6,78,NULL,NULL),(508,14,78,NULL,NULL),(509,5,78,NULL,NULL),(510,15,78,NULL,NULL),(511,1,78,NULL,NULL),(512,19,78,NULL,NULL),(513,18,78,NULL,NULL),(514,3,78,NULL,NULL),(515,6,79,NULL,NULL),(516,14,79,NULL,NULL),(517,5,79,NULL,NULL),(518,15,79,NULL,NULL),(519,1,79,NULL,NULL),(520,19,79,NULL,NULL),(521,18,79,NULL,NULL),(522,3,79,NULL,NULL),(523,6,80,NULL,NULL),(524,14,80,NULL,NULL),(525,5,80,NULL,NULL),(526,15,80,NULL,NULL),(527,1,80,NULL,NULL),(528,19,80,NULL,NULL),(529,18,80,NULL,NULL),(530,3,80,NULL,NULL),(531,6,81,NULL,NULL),(532,14,81,NULL,NULL),(533,5,81,NULL,NULL),(534,15,81,NULL,NULL),(535,1,81,NULL,NULL),(536,19,81,NULL,NULL),(537,18,81,NULL,NULL),(538,3,81,NULL,NULL),(539,6,82,NULL,NULL),(540,14,82,NULL,NULL),(541,5,82,NULL,NULL),(542,15,82,NULL,NULL),(543,1,82,NULL,NULL),(544,19,82,NULL,NULL),(545,18,82,NULL,NULL),(546,3,82,NULL,NULL),(547,6,83,NULL,NULL),(548,14,83,NULL,NULL),(549,5,83,NULL,NULL),(550,15,83,NULL,NULL),(551,1,83,NULL,NULL),(552,19,83,NULL,NULL),(553,18,83,NULL,NULL),(554,3,83,NULL,NULL),(555,6,84,NULL,NULL),(556,14,84,NULL,NULL),(557,5,84,NULL,NULL),(558,15,84,NULL,NULL),(559,1,84,NULL,NULL),(560,19,84,NULL,NULL),(561,18,84,NULL,NULL),(562,3,84,NULL,NULL),(563,6,85,NULL,NULL),(564,14,85,NULL,NULL),(565,5,85,NULL,NULL),(566,15,85,NULL,NULL),(567,1,85,NULL,NULL),(568,19,85,NULL,NULL),(569,18,85,NULL,NULL),(570,3,85,NULL,NULL),(571,6,86,NULL,NULL),(572,14,86,NULL,NULL),(573,5,86,NULL,NULL),(574,15,86,NULL,NULL),(575,1,86,NULL,NULL),(576,19,86,NULL,NULL),(577,18,86,NULL,NULL),(578,3,86,NULL,NULL),(579,6,87,NULL,NULL),(580,14,87,NULL,NULL),(581,5,87,NULL,NULL),(582,15,87,NULL,NULL),(583,1,87,NULL,NULL),(584,19,87,NULL,NULL),(585,18,87,NULL,NULL),(586,3,87,NULL,NULL),(587,6,88,NULL,NULL),(588,14,88,NULL,NULL),(589,5,88,NULL,NULL),(590,15,88,NULL,NULL),(591,1,88,NULL,NULL),(592,19,88,NULL,NULL),(593,18,88,NULL,NULL),(594,3,88,NULL,NULL),(595,6,89,NULL,NULL),(596,14,89,NULL,NULL),(597,5,89,NULL,NULL),(598,15,89,NULL,NULL),(599,1,89,NULL,NULL),(600,19,89,NULL,NULL),(601,18,89,NULL,NULL),(602,3,89,NULL,NULL),(603,6,90,NULL,NULL),(604,14,90,NULL,NULL),(605,5,90,NULL,NULL),(606,15,90,NULL,NULL),(607,1,90,NULL,NULL),(608,19,90,NULL,NULL),(609,18,90,NULL,NULL),(610,3,90,NULL,NULL),(611,6,91,NULL,NULL),(612,14,91,NULL,NULL),(613,5,91,NULL,NULL),(614,15,91,NULL,NULL),(615,1,91,NULL,NULL),(616,19,91,NULL,NULL),(617,18,91,NULL,NULL),(618,3,91,NULL,NULL),(619,6,92,NULL,NULL),(620,14,92,NULL,NULL),(621,5,92,NULL,NULL),(622,15,92,NULL,NULL),(623,1,92,NULL,NULL),(624,19,92,NULL,NULL),(625,18,92,NULL,NULL),(626,3,92,NULL,NULL),(627,6,93,NULL,NULL),(628,14,93,NULL,NULL),(629,5,93,NULL,NULL),(630,15,93,NULL,NULL),(631,1,93,NULL,NULL),(632,19,93,NULL,NULL),(633,18,93,NULL,NULL),(634,3,93,NULL,NULL),(635,6,94,NULL,NULL),(636,14,94,NULL,NULL),(637,5,94,NULL,NULL),(638,15,94,NULL,NULL),(639,1,94,NULL,NULL),(640,19,94,NULL,NULL),(641,18,94,NULL,NULL),(642,3,94,NULL,NULL),(643,6,95,NULL,NULL),(644,14,95,NULL,NULL),(645,1,95,NULL,NULL),(646,19,95,NULL,NULL),(647,12,95,NULL,NULL),(648,16,95,NULL,NULL),(649,15,95,NULL,NULL),(650,2,95,NULL,NULL),(651,6,96,NULL,NULL),(652,14,96,NULL,NULL),(653,1,96,NULL,NULL),(654,19,96,NULL,NULL),(655,12,96,NULL,NULL),(656,16,96,NULL,NULL),(657,15,96,NULL,NULL),(658,2,96,NULL,NULL),(659,6,97,NULL,NULL),(660,14,97,NULL,NULL),(661,1,97,NULL,NULL),(662,19,97,NULL,NULL),(663,12,97,NULL,NULL),(664,16,97,NULL,NULL),(665,15,97,NULL,NULL),(666,2,97,NULL,NULL),(667,6,98,NULL,NULL),(668,14,98,NULL,NULL),(669,1,98,NULL,NULL),(670,19,98,NULL,NULL),(671,12,98,NULL,NULL),(672,16,98,NULL,NULL),(673,15,98,NULL,NULL),(674,2,98,NULL,NULL),(675,6,99,NULL,NULL),(676,14,99,NULL,NULL),(677,1,99,NULL,NULL),(678,19,99,NULL,NULL),(679,12,99,NULL,NULL),(680,16,99,NULL,NULL),(681,15,99,NULL,NULL),(682,2,99,NULL,NULL),(683,6,100,NULL,NULL),(684,14,100,NULL,NULL),(685,1,100,NULL,NULL),(686,19,100,NULL,NULL),(687,12,100,NULL,NULL),(688,16,100,NULL,NULL),(689,15,100,NULL,NULL),(690,2,100,NULL,NULL),(691,6,101,NULL,NULL),(692,14,101,NULL,NULL),(693,1,101,NULL,NULL),(694,19,101,NULL,NULL),(695,12,101,NULL,NULL),(696,16,101,NULL,NULL),(697,15,101,NULL,NULL),(698,2,101,NULL,NULL),(699,6,102,NULL,NULL),(700,14,102,NULL,NULL),(701,1,102,NULL,NULL),(702,19,102,NULL,NULL),(703,12,102,NULL,NULL),(704,16,102,NULL,NULL),(705,15,102,NULL,NULL),(706,2,102,NULL,NULL),(707,6,103,NULL,NULL),(708,14,103,NULL,NULL),(709,1,103,NULL,NULL),(710,19,103,NULL,NULL),(711,12,103,NULL,NULL),(712,16,103,NULL,NULL),(713,15,103,NULL,NULL),(714,2,103,NULL,NULL),(715,6,104,NULL,NULL),(716,14,104,NULL,NULL),(717,1,104,NULL,NULL),(718,19,104,NULL,NULL),(719,12,104,NULL,NULL),(720,16,104,NULL,NULL),(721,15,104,NULL,NULL),(722,2,104,NULL,NULL),(723,6,105,NULL,NULL),(724,14,105,NULL,NULL),(725,1,105,NULL,NULL),(726,19,105,NULL,NULL),(727,12,105,NULL,NULL),(728,16,105,NULL,NULL),(729,15,105,NULL,NULL),(730,2,105,NULL,NULL),(731,6,106,NULL,NULL),(732,14,106,NULL,NULL),(733,1,106,NULL,NULL),(734,19,106,NULL,NULL),(735,12,106,NULL,NULL),(736,16,106,NULL,NULL),(737,15,106,NULL,NULL),(738,2,106,NULL,NULL),(739,6,107,NULL,NULL),(740,14,107,NULL,NULL),(741,1,107,NULL,NULL),(742,19,107,NULL,NULL),(743,12,107,NULL,NULL),(744,16,107,NULL,NULL),(745,15,107,NULL,NULL),(746,2,107,NULL,NULL),(747,6,108,NULL,NULL),(748,14,108,NULL,NULL),(749,1,108,NULL,NULL),(750,19,108,NULL,NULL),(751,12,108,NULL,NULL),(752,16,108,NULL,NULL),(753,15,108,NULL,NULL),(754,2,108,NULL,NULL),(755,6,109,NULL,NULL),(756,14,109,NULL,NULL),(757,1,109,NULL,NULL),(758,19,109,NULL,NULL),(759,12,109,NULL,NULL),(760,16,109,NULL,NULL),(761,15,109,NULL,NULL),(762,2,109,NULL,NULL),(763,6,110,NULL,NULL),(764,14,110,NULL,NULL),(765,5,110,NULL,NULL),(766,15,110,NULL,NULL),(767,19,110,NULL,NULL),(768,18,110,NULL,NULL),(769,3,110,NULL,NULL),(770,6,111,NULL,NULL),(771,14,111,NULL,NULL),(772,5,111,NULL,NULL),(773,15,111,NULL,NULL),(774,19,111,NULL,NULL),(775,18,111,NULL,NULL),(776,3,111,NULL,NULL),(777,6,112,NULL,NULL),(778,14,112,NULL,NULL),(779,5,112,NULL,NULL),(780,15,112,NULL,NULL),(781,19,112,NULL,NULL),(782,18,112,NULL,NULL),(783,3,112,NULL,NULL),(784,6,113,NULL,NULL),(785,14,113,NULL,NULL),(786,5,113,NULL,NULL),(787,15,113,NULL,NULL),(788,19,113,NULL,NULL),(789,18,113,NULL,NULL),(790,3,113,NULL,NULL),(791,6,114,NULL,NULL),(792,14,114,NULL,NULL),(793,5,114,NULL,NULL),(794,15,114,NULL,NULL),(795,19,114,NULL,NULL),(796,18,114,NULL,NULL),(797,3,114,NULL,NULL),(798,6,115,NULL,NULL),(799,14,115,NULL,NULL),(800,5,115,NULL,NULL),(801,15,115,NULL,NULL),(802,19,115,NULL,NULL),(803,18,115,NULL,NULL),(804,3,115,NULL,NULL),(805,6,116,NULL,NULL),(806,14,116,NULL,NULL),(807,5,116,NULL,NULL),(808,15,116,NULL,NULL),(809,19,116,NULL,NULL),(810,18,116,NULL,NULL),(811,3,116,NULL,NULL),(812,6,117,NULL,NULL),(813,14,117,NULL,NULL),(814,5,117,NULL,NULL),(815,15,117,NULL,NULL),(816,19,117,NULL,NULL),(817,18,117,NULL,NULL),(818,3,117,NULL,NULL),(819,6,118,NULL,NULL),(820,14,118,NULL,NULL),(821,5,118,NULL,NULL),(822,15,118,NULL,NULL),(823,18,118,NULL,NULL),(824,3,118,NULL,NULL),(825,2,118,NULL,NULL),(826,6,119,NULL,NULL),(827,14,119,NULL,NULL),(828,5,119,NULL,NULL),(829,15,119,NULL,NULL),(830,18,119,NULL,NULL),(831,3,119,NULL,NULL),(832,2,119,NULL,NULL),(833,6,120,NULL,NULL),(834,14,120,NULL,NULL),(835,5,120,NULL,NULL),(836,15,120,NULL,NULL),(837,18,120,NULL,NULL),(838,3,120,NULL,NULL),(839,2,120,NULL,NULL),(840,6,121,NULL,NULL),(841,14,121,NULL,NULL),(842,5,121,NULL,NULL),(843,15,121,NULL,NULL),(844,18,121,NULL,NULL),(845,3,121,NULL,NULL),(846,2,121,NULL,NULL),(847,6,122,NULL,NULL),(848,14,122,NULL,NULL),(849,5,122,NULL,NULL),(850,15,122,NULL,NULL),(851,18,122,NULL,NULL),(852,3,122,NULL,NULL),(853,2,122,NULL,NULL),(854,6,123,NULL,NULL),(855,14,123,NULL,NULL),(856,5,123,NULL,NULL),(857,15,123,NULL,NULL),(858,18,123,NULL,NULL),(859,3,123,NULL,NULL),(860,2,123,NULL,NULL),(861,6,124,NULL,NULL),(862,14,124,NULL,NULL),(863,5,124,NULL,NULL),(864,15,124,NULL,NULL),(865,18,124,NULL,NULL),(866,3,124,NULL,NULL),(867,2,124,NULL,NULL),(868,6,125,NULL,NULL),(869,14,125,NULL,NULL),(870,5,125,NULL,NULL),(871,15,125,NULL,NULL),(872,18,125,NULL,NULL),(873,3,125,NULL,NULL),(874,2,125,NULL,NULL),(875,6,126,NULL,NULL),(876,14,126,NULL,NULL),(877,1,126,NULL,NULL),(878,19,126,NULL,NULL),(879,12,126,NULL,NULL),(880,6,127,NULL,NULL),(881,14,127,NULL,NULL),(882,1,127,NULL,NULL),(883,19,127,NULL,NULL),(884,12,127,NULL,NULL),(885,6,128,NULL,NULL),(886,14,128,NULL,NULL),(887,1,128,NULL,NULL),(888,19,128,NULL,NULL),(889,12,128,NULL,NULL),(890,6,129,NULL,NULL),(891,14,129,NULL,NULL),(892,1,129,NULL,NULL),(893,19,129,NULL,NULL),(894,12,129,NULL,NULL),(895,6,130,NULL,NULL),(896,14,130,NULL,NULL),(897,1,130,NULL,NULL),(898,19,130,NULL,NULL),(899,12,130,NULL,NULL),(900,6,131,NULL,NULL),(901,14,131,NULL,NULL),(902,1,131,NULL,NULL),(903,19,131,NULL,NULL),(904,12,131,NULL,NULL),(905,6,132,NULL,NULL),(906,14,132,NULL,NULL),(907,1,132,NULL,NULL),(908,19,132,NULL,NULL),(909,12,132,NULL,NULL),(910,6,133,NULL,NULL),(911,14,133,NULL,NULL),(912,1,133,NULL,NULL),(913,19,133,NULL,NULL),(914,12,133,NULL,NULL),(915,6,134,NULL,NULL),(916,14,134,NULL,NULL),(917,1,134,NULL,NULL),(918,19,134,NULL,NULL),(919,12,134,NULL,NULL),(920,6,135,NULL,NULL),(921,14,135,NULL,NULL),(922,1,135,NULL,NULL),(923,19,135,NULL,NULL),(924,12,135,NULL,NULL),(925,6,136,NULL,NULL),(926,14,136,NULL,NULL),(927,1,136,NULL,NULL),(928,19,136,NULL,NULL),(929,12,136,NULL,NULL),(930,6,137,NULL,NULL),(931,14,137,NULL,NULL),(932,1,137,NULL,NULL),(933,19,137,NULL,NULL),(934,12,137,NULL,NULL),(935,6,138,NULL,NULL),(936,14,138,NULL,NULL),(937,1,138,NULL,NULL),(938,19,138,NULL,NULL),(939,12,138,NULL,NULL);
/*!40000 ALTER TABLE `crops_districts` ENABLE KEYS */;
UNLOCK TABLES;

--
-- Table structure for table `districts`
--

DROP TABLE IF EXISTS `districts`;
/*!40101 SET @saved_cs_client     = @@character_set_client */;
/*!40101 SET character_set_client = utf8 */;
CREATE TABLE `districts` (
  `id` int(10) unsigned NOT NULL AUTO_INCREMENT,
  `name` varchar(191) COLLATE utf8mb4_unicode_ci NOT NULL,
  `region_id` int(10) unsigned NOT NULL,
  `created_at` timestamp NULL DEFAULT NULL,
  `updated_at` timestamp NULL DEFAULT NULL,
  PRIMARY KEY (`id`),
  KEY `districts_region_id_foreign` (`region_id`),
  CONSTRAINT `districts_region_id_foreign` FOREIGN KEY (`region_id`) REFERENCES `regions` (`id`) ON DELETE CASCADE
) ENGINE=InnoDB AUTO_INCREMENT=139 DEFAULT CHARSET=utf8mb4 COLLATE=utf8mb4_unicode_ci;
/*!40101 SET character_set_client = @saved_cs_client */;

--
-- Dumping data for table `districts`
--

LOCK TABLES `districts` WRITE;
/*!40000 ALTER TABLE `districts` DISABLE KEYS */;
INSERT INTO `districts` VALUES (1,'Amansie East',1,NULL,NULL),(2,' Amansie Central',1,NULL,'2017-03-23 14:51:51'),(3,'Atwima    Nwabiagya',1,NULL,NULL),(4,'Ejusu Juaben',1,NULL,NULL),(5,'Bosumtwe-Atwima-Kwanwoma',1,NULL,NULL),(6,'Kwabre',1,NULL,'2017-03-23 14:52:02'),(7,'Offinso',1,NULL,NULL),(8,'Adansi North',1,NULL,NULL),(9,'Obuasi    (Adansi West)',1,NULL,NULL),(10,'Adansi  South (East)',1,NULL,'2017-03-23 14:52:14'),(11,'Asante Akim    North',1,NULL,NULL),(12,'Asante Akim    South',1,NULL,NULL),(13,'Amansie West',1,NULL,NULL),(14,'K. M. A.',1,NULL,NULL),(15,'Ejura    Sekyedumase',1,NULL,NULL),(16,'Sekyere    West',1,NULL,'2017-03-23 14:52:25'),(17,'Sekyere East',1,NULL,NULL),(18,'Afigya    Sekyere',1,NULL,NULL),(19,'Ahafo Ano    North',1,NULL,NULL),(20,'Ahafo Ano    South',1,NULL,NULL),(21,'Atwima Mponua',1,NULL,NULL),(22,'Sunyani',2,NULL,NULL),(23,'Asutifi',2,NULL,NULL),(24,'Asunafo North',2,NULL,NULL),(25,'Asunafo South',2,NULL,NULL),(26,'Jaman North',2,NULL,NULL),(27,'Jaman South',2,NULL,NULL),(28,'Kintampo North',2,NULL,NULL),(29,'Kintampo South',2,NULL,NULL),(30,'Atebubu -Amantin',2,NULL,NULL),(31,'Pru',2,NULL,NULL),(32,'Tain',2,NULL,NULL),(33,'Wenchi',2,NULL,NULL),(34,'Dormaa',2,NULL,NULL),(35,'Berekum',2,NULL,NULL),(36,'Tano North',2,NULL,NULL),(37,'Tano South',2,NULL,NULL),(38,'Sene',2,NULL,NULL),(39,'Nkoranza',2,NULL,NULL),(40,'Techiman',2,NULL,NULL),(41,'Upper    Denkyira',3,NULL,NULL),(42,'Twifo-Herman/L.    Denkyira',3,NULL,NULL),(43,'Gomoa',3,NULL,NULL),(44,'Cape Coast',3,NULL,NULL),(45,'Agona',3,NULL,NULL),(46,'Assin South',3,NULL,NULL),(47,'Assin North',3,NULL,NULL),(48,'Abura-Asebu-Kwamankesi',3,NULL,NULL),(49,'Asikuma-Odoben-Brakwa',3,NULL,NULL),(50,'Mfantsiman',3,NULL,NULL),(51,'Komenda-Edina-Eguafo-Abirem',3,NULL,NULL),(52,'Ajumako-Esiam-Enyan',3,NULL,NULL),(53,'Awutu-Efutu-Senya',3,NULL,NULL),(54,'Birim South',4,NULL,NULL),(55,'West Akim',4,NULL,NULL),(56,'Birim North',4,NULL,NULL),(57,'Kwahu West',4,NULL,NULL),(58,'Kwahu South',4,NULL,NULL),(59,'Fanteakwa',4,NULL,NULL),(60,'Afram Plains',4,NULL,NULL),(61,'Asuogyaman',4,NULL,NULL),(62,'Manya Krobo',4,NULL,NULL),(63,'Suhum Kraboa Coaltar',4,NULL,NULL),(64,'Akuapim South',4,NULL,NULL),(65,'Akuapim North',4,NULL,NULL),(66,'New Juaben',4,NULL,NULL),(67,'Yilo Krobo',4,NULL,NULL),(68,'East Akim',4,NULL,NULL),(69,'Atiwa',4,NULL,NULL),(70,'Kwaebibirem',4,NULL,NULL),(71,'Tema',5,NULL,NULL),(72,'Ga East',5,NULL,NULL),(73,'Ga West',5,NULL,NULL),(74,'Dangme West',5,NULL,NULL),(75,'Dangme East',5,NULL,NULL),(76,'AMA',5,NULL,NULL),(77,'Bole',6,NULL,NULL),(78,'Bunkpurugu/Yunyoo',6,NULL,NULL),(79,'Savelugu/Nanton',6,NULL,NULL),(80,'Sawla/Tuna/Kalba',6,NULL,NULL),(81,'Tamale Metro',6,NULL,NULL),(82,'Tolon/Kumbungu',6,NULL,NULL),(83,'West Gonja',6,NULL,NULL),(84,'West    Mamprusi',6,NULL,NULL),(85,'Yendi',6,NULL,NULL),(86,'Zabzugu/Tatale',6,NULL,NULL),(87,'Central    Gonja',6,NULL,NULL),(88,'East Gonja',6,NULL,NULL),(89,'East    Mamprusi',6,NULL,NULL),(90,'Gushiegu',6,NULL,NULL),(91,'Karaga',6,NULL,NULL),(92,'Nanumba    North',6,NULL,NULL),(93,'Nanumba    South',6,NULL,NULL),(94,'Saboba/Cheriponi',6,NULL,NULL),(95,'North Tongu',7,NULL,NULL),(96,'South Tongu',7,NULL,NULL),(97,'Nkwanta',7,NULL,NULL),(98,'Krachi West',7,NULL,NULL),(99,'Krachi East',7,NULL,NULL),(100,'Ho',7,NULL,NULL),(101,'Adaklu    Anyigbe',7,NULL,NULL),(102,'Akatsi',7,NULL,NULL),(103,'Keta',7,NULL,NULL),(104,'Ketu',7,NULL,NULL),(105,'North Dayi    (Kpando)',7,NULL,NULL),(106,'South Dayi',7,NULL,NULL),(107,'Hohoe',7,NULL,NULL),(108,'Jasikan',7,NULL,NULL),(109,'Kadjebi',7,NULL,NULL),(110,'Wa West',8,NULL,NULL),(111,'Wa East',8,NULL,NULL),(112,'Wa    Municipal',8,NULL,'2017-03-23 14:53:32'),(113,'Lawra',8,NULL,NULL),(114,'Sisala East',8,NULL,NULL),(115,'Sisala West',8,NULL,NULL),(116,'Jirapa-Lambussie',8,NULL,NULL),(117,'Nadowli',8,NULL,NULL),(118,'BUILSA',9,NULL,NULL),(119,'KASSENA    NANKANA',9,NULL,NULL),(120,'BOLGA',9,NULL,NULL),(121,'BAWKU    MUNICIPAL',9,NULL,NULL),(122,'BAWKU WEST',9,NULL,NULL),(123,'BONGO',9,NULL,NULL),(124,'GARU TEMPANE',9,NULL,NULL),(125,'TALENSI    NABDAM',9,NULL,NULL),(126,'Shama Ahanta    East',10,NULL,NULL),(127,'West Ahanta',10,NULL,NULL),(128,'Sefwi-Wiaso',10,NULL,NULL),(129,'Bia',10,NULL,NULL),(130,'Juabeso',10,NULL,NULL),(131,'Mporhor Wassa    East',10,NULL,NULL),(132,'Wassa West',10,NULL,NULL),(133,'East Nzema',10,NULL,NULL),(134,'Jomoro',10,NULL,NULL),(135,'Amenfi East',10,NULL,'2017-03-23 14:53:51'),(136,'Amenfi West (Wassa Amenfi)',10,NULL,'2017-03-23 14:53:57'),(137,'Aowin -Suaman',10,NULL,NULL),(138,'Bibiani-Anhwiaso-Bekwai',10,NULL,NULL);
/*!40000 ALTER TABLE `districts` ENABLE KEYS */;
UNLOCK TABLES;

--
-- Table structure for table `markets`
--

DROP TABLE IF EXISTS `markets`;
/*!40101 SET @saved_cs_client     = @@character_set_client */;
/*!40101 SET character_set_client = utf8 */;
CREATE TABLE `markets` (
  `id` int(10) unsigned NOT NULL AUTO_INCREMENT,
  `name` varchar(191) COLLATE utf8mb4_unicode_ci NOT NULL,
  `district_id` int(10) unsigned NOT NULL,
  `created_at` timestamp NULL DEFAULT NULL,
  `updated_at` timestamp NULL DEFAULT NULL,
  PRIMARY KEY (`id`),
  KEY `markets_district_id_foreign` (`district_id`),
  CONSTRAINT `markets_district_id_foreign` FOREIGN KEY (`district_id`) REFERENCES `districts` (`id`) ON DELETE CASCADE
) ENGINE=InnoDB DEFAULT CHARSET=utf8mb4 COLLATE=utf8mb4_unicode_ci;
/*!40101 SET character_set_client = @saved_cs_client */;

--
-- Dumping data for table `markets`
--

LOCK TABLES `markets` WRITE;
/*!40000 ALTER TABLE `markets` DISABLE KEYS */;
/*!40000 ALTER TABLE `markets` ENABLE KEYS */;
UNLOCK TABLES;

--
-- Table structure for table `migrations`
--

DROP TABLE IF EXISTS `migrations`;
/*!40101 SET @saved_cs_client     = @@character_set_client */;
/*!40101 SET character_set_client = utf8 */;
CREATE TABLE `migrations` (
  `id` int(10) unsigned NOT NULL AUTO_INCREMENT,
  `migration` varchar(191) COLLATE utf8mb4_unicode_ci NOT NULL,
  `batch` int(11) NOT NULL,
  PRIMARY KEY (`id`)
) ENGINE=InnoDB AUTO_INCREMENT=73 DEFAULT CHARSET=utf8mb4 COLLATE=utf8mb4_unicode_ci;
/*!40101 SET character_set_client = @saved_cs_client */;

--
-- Dumping data for table `migrations`
--

LOCK TABLES `migrations` WRITE;
/*!40000 ALTER TABLE `migrations` DISABLE KEYS */;
INSERT INTO `migrations` VALUES (65,'2014_02_25_003123_create_roles_table',1),(66,'2014_10_12_000000_create_users_table',1),(67,'2014_10_12_100000_create_password_resets_table',1),(68,'2017_02_25_003148_create_regions_table',1),(69,'2017_02_25_003345_create_districts_table',1),(70,'2017_02_25_003411_create_crops_table',1),(71,'2017_02_25_003707_create_crops_districts_table',1),(72,'2017_02_25_003730_create_markets_table',1);
/*!40000 ALTER TABLE `migrations` ENABLE KEYS */;
UNLOCK TABLES;

--
-- Table structure for table `password_resets`
--

DROP TABLE IF EXISTS `password_resets`;
/*!40101 SET @saved_cs_client     = @@character_set_client */;
/*!40101 SET character_set_client = utf8 */;
CREATE TABLE `password_resets` (
  `email` varchar(191) COLLATE utf8mb4_unicode_ci NOT NULL,
  `token` varchar(191) COLLATE utf8mb4_unicode_ci NOT NULL,
  `created_at` timestamp NULL DEFAULT NULL,
  KEY `password_resets_email_index` (`email`),
  KEY `password_resets_token_index` (`token`)
) ENGINE=InnoDB DEFAULT CHARSET=utf8mb4 COLLATE=utf8mb4_unicode_ci;
/*!40101 SET character_set_client = @saved_cs_client */;

--
-- Dumping data for table `password_resets`
--

LOCK TABLES `password_resets` WRITE;
/*!40000 ALTER TABLE `password_resets` DISABLE KEYS */;
/*!40000 ALTER TABLE `password_resets` ENABLE KEYS */;
UNLOCK TABLES;

--
-- Table structure for table `regions`
--

DROP TABLE IF EXISTS `regions`;
/*!40101 SET @saved_cs_client     = @@character_set_client */;
/*!40101 SET character_set_client = utf8 */;
CREATE TABLE `regions` (
  `id` int(10) unsigned NOT NULL AUTO_INCREMENT,
  `name` varchar(191) COLLATE utf8mb4_unicode_ci NOT NULL,
  `created_at` timestamp NULL DEFAULT NULL,
  `updated_at` timestamp NULL DEFAULT NULL,
  PRIMARY KEY (`id`)
) ENGINE=InnoDB AUTO_INCREMENT=11 DEFAULT CHARSET=utf8mb4 COLLATE=utf8mb4_unicode_ci;
/*!40101 SET character_set_client = @saved_cs_client */;

--
-- Dumping data for table `regions`
--

LOCK TABLES `regions` WRITE;
/*!40000 ALTER TABLE `regions` DISABLE KEYS */;
INSERT INTO `regions` VALUES (1,'Ashanti Region',NULL,NULL),(2,'Brong Ahafo Region',NULL,NULL),(3,'Central Region',NULL,NULL),(4,'Eastern Region',NULL,NULL),(5,'Greater Accra Region',NULL,NULL),(6,'Northern Region',NULL,NULL),(7,'Volta Region',NULL,NULL),(8,'Upper West Region',NULL,NULL),(9,'Upper East Region',NULL,NULL),(10,'Western Region',NULL,NULL);
/*!40000 ALTER TABLE `regions` ENABLE KEYS */;
UNLOCK TABLES;

--
-- Table structure for table `roles`
--

DROP TABLE IF EXISTS `roles`;
/*!40101 SET @saved_cs_client     = @@character_set_client */;
/*!40101 SET character_set_client = utf8 */;
CREATE TABLE `roles` (
  `id` int(10) unsigned NOT NULL AUTO_INCREMENT,
  `name` varchar(191) COLLATE utf8mb4_unicode_ci NOT NULL,
  `system_name` varchar(191) COLLATE utf8mb4_unicode_ci NOT NULL,
  `created_at` timestamp NULL DEFAULT NULL,
  `updated_at` timestamp NULL DEFAULT NULL,
  PRIMARY KEY (`id`)
) ENGINE=InnoDB AUTO_INCREMENT=3 DEFAULT CHARSET=utf8mb4 COLLATE=utf8mb4_unicode_ci;
/*!40101 SET character_set_client = @saved_cs_client */;

--
-- Dumping data for table `roles`
--

LOCK TABLES `roles` WRITE;
/*!40000 ALTER TABLE `roles` DISABLE KEYS */;
INSERT INTO `roles` VALUES (1,'System Administrator','sys_admin',NULL,NULL),(2,'Administrator','admin',NULL,NULL);
/*!40000 ALTER TABLE `roles` ENABLE KEYS */;
UNLOCK TABLES;

--
-- Table structure for table `users`
--

DROP TABLE IF EXISTS `users`;
/*!40101 SET @saved_cs_client     = @@character_set_client */;
/*!40101 SET character_set_client = utf8 */;
CREATE TABLE `users` (
  `id` int(10) unsigned NOT NULL AUTO_INCREMENT,
  `name` varchar(191) COLLATE utf8mb4_unicode_ci NOT NULL,
  `username` varchar(191) COLLATE utf8mb4_unicode_ci NOT NULL,
  `email` varchar(191) COLLATE utf8mb4_unicode_ci NOT NULL,
  `password` varchar(191) COLLATE utf8mb4_unicode_ci NOT NULL,
  `role_id` int(10) unsigned NOT NULL,
  `remember_token` varchar(100) COLLATE utf8mb4_unicode_ci DEFAULT NULL,
  `created_at` timestamp NULL DEFAULT NULL,
  `updated_at` timestamp NULL DEFAULT NULL,
  PRIMARY KEY (`id`),
  UNIQUE KEY `users_username_unique` (`username`),
  UNIQUE KEY `users_email_unique` (`email`),
  KEY `users_role_id_foreign` (`role_id`),
  CONSTRAINT `users_role_id_foreign` FOREIGN KEY (`role_id`) REFERENCES `roles` (`id`)
) ENGINE=InnoDB AUTO_INCREMENT=3 DEFAULT CHARSET=utf8mb4 COLLATE=utf8mb4_unicode_ci;
/*!40101 SET character_set_client = @saved_cs_client */;

--
-- Dumping data for table `users`
--

LOCK TABLES `users` WRITE;
/*!40000 ALTER TABLE `users` DISABLE KEYS */;
INSERT INTO `users` VALUES (1,'Admin','admin','manager@ezipharmacy.com','$2y$10$ddzdNoJQLVOeEVYACcU0QuFGDhgBP1gRFHHi06VCyBeGGlFBqy5w6',1,'BTptCeAk14zFFXTVYTdlJOfZ3NGdyPU3Zbsjn1axOYduPWOH5YGXyUpuh9vY','2017-03-23 14:49:19',NULL),(2,'Richman Clifford','richman','larry@gmail.com','$2y$10$4xOqKb94b567tJPJjLvMue8zRZDrWUNrTt9PQWj2cmixILe4pMVjS',2,'MSfZER84xo1SxXzuvdw5GFtWFQGTqHMxJciRgWW8Ym7fc1769ps3rPFexxZz','2017-03-23 14:50:54','2017-03-23 14:50:54');
/*!40000 ALTER TABLE `users` ENABLE KEYS */;
UNLOCK TABLES;

--
-- Dumping routines for database 'agrimap'
--
/*!40103 SET TIME_ZONE=@OLD_TIME_ZONE */;

/*!40101 SET SQL_MODE=@OLD_SQL_MODE */;
/*!40014 SET FOREIGN_KEY_CHECKS=@OLD_FOREIGN_KEY_CHECKS */;
/*!40014 SET UNIQUE_CHECKS=@OLD_UNIQUE_CHECKS */;
/*!40101 SET CHARACTER_SET_CLIENT=@OLD_CHARACTER_SET_CLIENT */;
/*!40101 SET CHARACTER_SET_RESULTS=@OLD_CHARACTER_SET_RESULTS */;
/*!40101 SET COLLATION_CONNECTION=@OLD_COLLATION_CONNECTION */;
/*!40111 SET SQL_NOTES=@OLD_SQL_NOTES */;

-- Dump completed on 2017-03-23 22:43:46
